{
  "hash": "f99c6eda",
  "browserHash": "39238c2c",
  "optimized": {
    "@angular/common": {
      "src": "../../../../../node_modules/@angular/common/fesm2022/common.mjs",
      "file": "@angular_common.js",
      "fileHash": "74143006",
      "needsInterop": false
    },
    "@angular/common/http": {
      "src": "../../../../../node_modules/@angular/common/fesm2022/http.mjs",
      "file": "@angular_common_http.js",
      "fileHash": "b71b0625",
      "needsInterop": false
    },
    "@angular/core": {
      "src": "../../../../../node_modules/@angular/core/fesm2022/core.mjs",
      "file": "@angular_core.js",
      "fileHash": "566b079e",
      "needsInterop": false
    },
    "@angular/forms": {
      "src": "../../../../../node_modules/@angular/forms/fesm2022/forms.mjs",
      "file": "@angular_forms.js",
      "fileHash": "50522539",
      "needsInterop": false
    },
    "@angular/platform-browser": {
      "src": "../../../../../node_modules/@angular/platform-browser/fesm2022/platform-browser.mjs",
      "file": "@angular_platform-browser.js",
      "fileHash": "497437dd",
      "needsInterop": false
    },
    "@angular/router": {
      "src": "../../../../../node_modules/@angular/router/fesm2022/router.mjs",
      "file": "@angular_router.js",
      "fileHash": "d4f9c6d3",
      "needsInterop": false
    }
  },
  "chunks": {
    "chunk-266YOAFE": {
      "file": "chunk-266YOAFE.js"
    },
    "chunk-ZRTWL5XR": {
      "file": "chunk-ZRTWL5XR.js"
    },
    "chunk-VJEUUYEX": {
      "file": "chunk-VJEUUYEX.js"
    },
    "chunk-ROE6DNFA": {
      "file": "chunk-ROE6DNFA.js"
    }
  }
}